{
    "loss": 91.77625274658203,
    "accuracy": 0.2550227642059326
}