{
    "loss": 91.70931243896484,
    "accuracy": 0.18108759820461273
}