{
    "loss": 126.29777526855469,
    "accuracy": 0.01687650755047798
}