{
    "loss": 113.25235748291016,
    "accuracy": 0.9860701560974121
}